{"last_tab":"","background_opt":{"background-color":"#f1f1f1","background-repeat":"","background-size":"","background-attachment":"","background-position":"","background-image":"","media":{"id":"","height":"","width":"","thumbnail":""}},"page_content_background":{"background-color":"#ffffff","background-repeat":"","background-size":"","background-attachment":"","background-position":"","background-image":"","media":{"id":"","height":"","width":"","thumbnail":""}},"border_color":{"border-top":"","border-right":"","border-bottom":"","border-left":"","border-style":"solid","border-color":"#ececec"},"back_to_top":"1","primary_color":"#128ced","sale_color":"#128ced","saletext_color":"#ffffff","price_color":"#c61132","rate_color":"#ffdb5b","link_color":{"regular":"#a43d21","hover":"#128ced","active":"#128ced"},"text_selected_bg":"#91b2c3","text_selected_color":"#ffffff","header_layout":"Header 4","header_color":"#1a1f2b","header_link_color":{"regular":"#1a1f2b","hover":"#56a700","active":"#56a700"},"dropdown_bg":"#ffffff","sticky_header":"1","header_sticky_bg":{"color":"#ffffff","alpha":"0.95","rgba":"rgba(255,255,255,0.95)"},"topbar_color":"#1a1f2b","topbar_link_color":{"regular":"#1a1f2b","hover":"#128ced","active":"#128ced"},"mobile_menu_label":"Menu","sub_menu_bg":"#ffffff","categories_menu_bg":"#ffffff","categories_sub_menu_bg":"#ffffff","categories_menu_label":"ALL CATEGORIES","categories_menu_items":"9","categories_more_label":"More Categories","categories_less_label":"Less Categories","categories_menu_home":"","footer_layout":"Footer 1","footer_color":"#a7a7a7","footer_link_color":{"regular":"#a7a7a7","hover":"#128ced","active":"#128ced"},"social_icons":{"facebook":"https:\/\/www.facebook.com","twitter":"https:\/\/twitter.com","instagram":"https:\/\/www.instagram.com","tumblr":"","pinterest":"","google-plus":"","linkedin":"https:\/\/www.linkedin.com","behance":"","dribbble":"","youtube":"","vimeo":"","rss":"https:\/\/www.rss.com"},"bodyfont":{"font-family":"Rubik","font-options":"","google":"1","font-backup":"","font-weight":"400","font-style":"","font-size":"14px","color":"#1a1f2b"},"headingfont":{"font-family":"Rubik","font-options":"","google":"1","font-weight":"500","font-style":"","color":"#1a1f2b"},"menufont":{"font-family":"Rubik","font-options":"","google":"true","font-weight":"500","font-style":"","font-size":"14px","color":"#ffffff"},"submenufont":{"font-family":"Rubik","font-options":"","google":"1","font-weight":"400","font-style":"","font-size":"14px","color":"#1a1f2b"},"dropdownfont":{"font-family":"Rubik","font-options":"","google":"1","font-weight":"300","font-style":"","font-size":"14px","color":"#595e6f"},"categoriesfont":{"font-family":"Rubik","font-options":"","google":"1","font-weight":"400","font-style":"","font-size":"14px","color":"#1a1f2b"},"categoriessubmenufont":{"font-family":"Rubik","font-options":"","google":"1","font-weight":"400","font-style":"","font-size":"14px","color":"#1a1f2b"},"page_layout":"full","box_layout_width":"1230","preset_option":"1","enable_sswitcher":"","brandscroll":"1","brandscrollnumber":"2","brandpause":"3000","brandanimate":"2000","inner_brand":"","brand_logos":[{"title":"","description":"","url":"","sort":"0","attachment_id":"","image":"","height":"","width":"","thumb":""}],"sidebarshop_pos":"left","sidebarsingleproduct_pos":"left","sidebarse_pos":"left","sidebarblog_pos":"right","custom-sidebars":[""],"shop_banner":{"url":"","id":"","height":"","width":"","thumbnail":"","title":"","caption":"","alt":"","description":""},"shop_layout":"sidebar","default_view":"grid-view","product_per_page":"20","product_per_row":"4","product_per_row_fw":"4","related_amount":"10","share_head_code":"","share_code":"","product_share_title":"Share This Product","detail_link_text":"Quick View","quickview_link_text":"See all features","quickview":"1","blog_header_text":"Blog","blog_layout":"sidebar","readmore_text":"Read More","excerpt_length":"40","blog_share_title":"Share This Post","blogscroll":"","blogpause":"3000","bloganimate":"2000","testiscroll":"","testipause":"3000","testianimate":"2000","background_error":{"background-color":"#f2f2f2","background-repeat":"","background-size":"","background-attachment":"","background-position":"","background-image":"","media":{"id":"","height":"","width":"","thumbnail":""}},"enable_less":"1","redux-backup":"1"}