<?xml version="1.0" encoding="UTF-8" ?>
<!-- This is a WordPress eXtended RSS file generated by WordPress as an export of your site. -->
<!-- It contains information about your site's posts, pages, comments, categories, and other content. -->
<!-- You may use this file to transfer that content from one site to another. -->
<!-- This file is not intended to serve as a complete backup of your site. -->

<!-- To import this information into a WordPress site follow these steps: -->
<!-- 1. Log in to that site as an administrator. -->
<!-- 2. Go to Tools: Import in the WordPress admin panel. -->
<!-- 3. Install the "WordPress" importer from the list. -->
<!-- 4. Activate & Run Importer. -->
<!-- 5. Upload this file using the form provided on that page. -->
<!-- 6. You will first be asked to map the authors in this export file to users -->
<!--    on the site. For each author, you may choose to map to an -->
<!--    existing user on the site or to create a new user. -->
<!-- 7. WordPress will then import each of the posts, pages, comments, categories, etc. -->
<!--    contained in this file into your site. -->

	<!-- generator="WordPress/5.1.1" created="2019-03-29 02:50" -->
<rss version="2.0"
	xmlns:excerpt="http://wordpress.org/export/1.2/excerpt/"
	xmlns:content="http://purl.org/rss/1.0/modules/content/"
	xmlns:wfw="http://wellformedweb.org/CommentAPI/"
	xmlns:dc="http://purl.org/dc/elements/1.1/"
	xmlns:wp="http://wordpress.org/export/1.2/"
>

<channel>
	<title>Petmark</title>
	<link>http://demo.roadthemes.com/petmark</link>
	<description>Just another WordPress site</description>
	<pubDate>Fri, 29 Mar 2019 02:50:21 +0000</pubDate>
	<language>en-US</language>
	<wp:wxr_version>1.2</wp:wxr_version>
	<wp:base_site_url>http://demo.roadthemes.com/petmark</wp:base_site_url>
	<wp:base_blog_url>http://demo.roadthemes.com/petmark</wp:base_blog_url>

		<wp:author><wp:author_id>1</wp:author_id><wp:author_login><![CDATA[admin]]></wp:author_login><wp:author_email><![CDATA[demo@roadthemes.com]]></wp:author_email><wp:author_display_name><![CDATA[admin]]></wp:author_display_name><wp:author_first_name><![CDATA[]]></wp:author_first_name><wp:author_last_name><![CDATA[]]></wp:author_last_name></wp:author>
		
		<item>
		<title>
				Home Shop 3		</title>
		<link>http://demo.roadthemes.com/petmark/home-shop-3/</link>
		<pubDate>Thu, 07 Sep 2017 02:09:21 +0000</pubDate>
		<dc:creator><![CDATA[admin]]></dc:creator>
		<guid isPermaLink="false">http://demo.roadthemes.com/petmark/?page_id=11530</guid>
		<description></description>
		<content:encoded>
				<![CDATA[<p>[vc_row css=".vc_custom_1511422800468{margin-top: 30px !important;margin-bottom: 30px !important;}" el_class="slider layout3"][vc_column][rev_slider_vc alias="home3-slider"][/vc_column][/vc_row][vc_row css=".vc_custom_1511422926893{margin-bottom: 0px !important;}"][vc_column width="1/3"][vc_single_image image="15064" img_size="full" alignment="center" onclick="custom_link" link="http://demo.roadthemes.com/petmark/shop/"][/vc_column][vc_column width="1/3"][vc_single_image image="15067" img_size="full" alignment="center" onclick="custom_link" link="http://demo.roadthemes.com/petmark/shop/"][/vc_column][vc_column width="1/3"][vc_single_image image="15070" img_size="full" alignment="center" onclick="custom_link" link="http://demo.roadthemes.com/petmark/shop/"][/vc_column][/vc_row][vc_row el_class="products-carousel-1 layout3 products-countdown carousel-topright" css=".vc_custom_1511515975516{margin-bottom: 0px !important;}"][vc_column][vc_column_text el_class="title-3"]</p>
<h3>Deals Of The Week</h3>
<p>[/vc_column_text][product_category per_page="4" columns="1" orderby="date" order="DESC" category="fashion-clothings"][/vc_column][/vc_row][vc_row css=".vc_custom_1511423415511{margin-bottom: 0px !important;}"][vc_column offset="vc_col-lg-3 vc_col-md-12"][vc_row_inner el_class="products-carousel-2 layout3 list-products carousel-topright" css=".vc_custom_1511515980989{margin-bottom: 0px !important;}"][vc_column_inner][vc_column_text el_class="title-3"]</p>
<h3>Best Sellers</h3>
<p>[/vc_column_text][product_category per_page="9" columns="3" orderby="date" order="ASC" category="fashion-clothings"][/vc_column_inner][/vc_row_inner][vc_row_inner css=".vc_custom_1511423044892{margin-bottom: 0px !important;}"][vc_column_inner][vc_single_image image="15073" img_size="full" alignment="center" onclick="custom_link" link="http://demo.roadthemes.com/petmark/shop/"][/vc_column_inner][/vc_row_inner][vc_row_inner el_class="policy layout3"][vc_column_inner][vc_column_text]</p>
<div class="icon"><span class="ti-truck">icon</span></div>
<div class="text">
<h3>Free Delivery</h3>
<p>On orders of $200+</div>
<p>[/vc_column_text][vc_column_text]</p>
<div class="icon"><span class="ti-credit-card">icon</span></div>
<div class="text">
<h3>Cod</h3>
<p>Cash on Delivery</div>
<p>[/vc_column_text][vc_column_text]</p>
<div class="icon"><span class="ti-gift">icon</span></div>
<div class="text">
<h3>Free Gift Box</h3>
<p>Buy a Gift</div>
<p>[/vc_column_text][vc_column_text]</p>
<div class="icon"><span class="ti-headphone-alt">icon</span></div>
<div class="text">
<h3>Free Support 24/7</h3>
<p>Online 24hrs a Day</div>
<p>[/vc_column_text][/vc_column_inner][/vc_row_inner][/vc_column][vc_column offset="vc_col-lg-9 vc_col-md-12"][vc_column_text el_class="title-3"]</p>
<h3>Category</h3>
<p>[/vc_column_text][vc_row_inner el_class="home-tabs layout3" css=".vc_custom_1511423090074{margin-bottom: 0px !important;}"][vc_column_inner][vc_column_text]</p>
<h3>Dogs</h3>
<p>[/vc_column_text][product_category per_page="12" columns="2" orderby="date" order="DESC" category="fashion-clothings"][vc_column_text]</p>
<h3>Cats</h3>
<p>[/vc_column_text][product_category per_page="12" columns="2" orderby="ID" order="ASC" category="fashion-clothings"][vc_column_text]</p>
<h3>Birds</h3>
<p>[/vc_column_text][product_category per_page="12" columns="2" orderby="ID" order="DESC" category="fashion-clothings"][/vc_column_inner][/vc_row_inner][vc_row_inner css=".vc_custom_1511423100766{margin-bottom: 0px !important;}"][vc_column_inner][vc_single_image image="15076" img_size="full" alignment="center" onclick="custom_link" link="http://demo.roadthemes.com/petmark/shop/"][/vc_column_inner][/vc_row_inner][vc_row_inner el_class="products-carousel-3 layout3 carousel-topright"][vc_column_inner][vc_column_text el_class="title-3"]</p>
<h3>New Products</h3>
<p>[/vc_column_text][product_category per_page="12" columns="2" orderby="title" order="ASC" category="fashion-clothings"][/vc_column_inner][/vc_row_inner][/vc_column][/vc_row][vc_row el_class="products-carousel-4 layout3 list-products carousel-topright" css=".vc_custom_1511515998847{margin-bottom: 0px !important;}"][vc_column][vc_column_text el_class="title-3"]</p>
<h3>Top Rated Products</h3>
<p>[/vc_column_text][product_category per_page="9" columns="1" orderby="title" order="DESC" category="fashion-clothings"][/vc_column][/vc_row][vc_row css=".vc_custom_1511423529436{margin-bottom: 25px !important;}"][vc_column][vc_row_inner][vc_column_inner][ourbrands colsnumber="5"][/vc_column_inner][/vc_row_inner][/vc_column][/vc_row]</p>
]]>		</content:encoded>
		<excerpt:encoded>
				<![CDATA[]]>		</excerpt:encoded>
		<wp:post_id>11530</wp:post_id>
		<wp:post_date><![CDATA[2017-09-07 02:09:21]]></wp:post_date>
		<wp:post_date_gmt><![CDATA[2017-09-07 02:09:21]]></wp:post_date_gmt>
		<wp:comment_status><![CDATA[closed]]></wp:comment_status>
		<wp:ping_status><![CDATA[closed]]></wp:ping_status>
		<wp:post_name><![CDATA[home-shop-3]]></wp:post_name>
		<wp:status><![CDATA[publish]]></wp:status>
		<wp:post_parent>0</wp:post_parent>
		<wp:menu_order>0</wp:menu_order>
		<wp:post_type><![CDATA[page]]></wp:post_type>
		<wp:post_password><![CDATA[]]></wp:post_password>
		<wp:is_sticky>0</wp:is_sticky>
														<wp:postmeta>
		<wp:meta_key><![CDATA[_vc_post_settings]]></wp:meta_key>
		<wp:meta_value><![CDATA[a:1:{s:10:"vc_grid_id";a:0:{}}]]></wp:meta_value>
		</wp:postmeta>
							<wp:postmeta>
		<wp:meta_key><![CDATA[_wpb_shortcodes_custom_css]]></wp:meta_key>
		<wp:meta_value><![CDATA[.vc_custom_1511422800468{margin-top: 30px !important;margin-bottom: 30px !important;}.vc_custom_1511422926893{margin-bottom: 0px !important;}.vc_custom_1511515975516{margin-bottom: 0px !important;}.vc_custom_1511423415511{margin-bottom: 0px !important;}.vc_custom_1511515998847{margin-bottom: 0px !important;}.vc_custom_1511423529436{margin-bottom: 25px !important;}.vc_custom_1511515980989{margin-bottom: 0px !important;}.vc_custom_1511423044892{margin-bottom: 0px !important;}.vc_custom_1511423090074{margin-bottom: 0px !important;}.vc_custom_1511423100766{margin-bottom: 0px !important;}]]></wp:meta_value>
		</wp:postmeta>
							<wp:postmeta>
		<wp:meta_key><![CDATA[_wp_page_template]]></wp:meta_key>
		<wp:meta_value><![CDATA[page-templates/demo3.php]]></wp:meta_value>
		</wp:postmeta>
							<wp:postmeta>
		<wp:meta_key><![CDATA[slide_template]]></wp:meta_key>
		<wp:meta_value><![CDATA[default]]></wp:meta_value>
		</wp:postmeta>
							<wp:postmeta>
		<wp:meta_key><![CDATA[_frameworkmanh_custom_sidebar_pos]]></wp:meta_key>
		<wp:meta_value><![CDATA[left]]></wp:meta_value>
		</wp:postmeta>
							<wp:postmeta>
		<wp:meta_key><![CDATA[_wpb_vc_js_status]]></wp:meta_key>
		<wp:meta_value><![CDATA[true]]></wp:meta_value>
		</wp:postmeta>
							<wp:postmeta>
		<wp:meta_key><![CDATA[_wpml_media_duplicate]]></wp:meta_key>
		<wp:meta_value><![CDATA[1]]></wp:meta_value>
		</wp:postmeta>
							<wp:postmeta>
		<wp:meta_key><![CDATA[_wpml_media_featured]]></wp:meta_key>
		<wp:meta_value><![CDATA[1]]></wp:meta_value>
		</wp:postmeta>
							<wp:postmeta>
		<wp:meta_key><![CDATA[_wpml_location_migration_done]]></wp:meta_key>
		<wp:meta_value><![CDATA[1]]></wp:meta_value>
		</wp:postmeta>
							<wp:postmeta>
		<wp:meta_key><![CDATA[_nego_custom_sidebar_pos]]></wp:meta_key>
		<wp:meta_value><![CDATA[left]]></wp:meta_value>
		</wp:postmeta>
							<wp:postmeta>
		<wp:meta_key><![CDATA[_danisa_custom_sidebar_pos]]></wp:meta_key>
		<wp:meta_value><![CDATA[left]]></wp:meta_value>
		</wp:postmeta>
							<wp:postmeta>
		<wp:meta_key><![CDATA[_petmark_custom_sidebar_pos]]></wp:meta_key>
		<wp:meta_value><![CDATA[left]]></wp:meta_value>
		</wp:postmeta>
							</item>
		<item>
		<title>
				Header 3		</title>
		<link>http://demo.roadthemes.com/petmark/templatera/header-3/</link>
		<pubDate>Tue, 14 Nov 2017 02:49:10 +0000</pubDate>
		<dc:creator><![CDATA[admin]]></dc:creator>
		<guid isPermaLink="false">http://demo.roadthemes.com/petmark/?post_type=templatera&#038;p=14393</guid>
		<description></description>
		<content:encoded>
				<![CDATA[[vc_row el_class="topbar" css=".vc_custom_1510633554861{border-bottom-width: 1px !important;background-color: #56a700 !important;border-bottom-color: rgba(255,255,255,0.15) !important;border-bottom-style: solid !important;}"][vc_column offset="vc_col-lg-6 vc_col-md-6"][vc_wp_custommenu nav_menu="87"][/vc_column][vc_column el_class="topbar-right" offset="vc_col-lg-6 vc_col-md-6"][vc_column_text]<a href="http://demo.roadthemes.com/petmark/my-account/">Register or Sign in</a>[/vc_column_text][roadlangswitch][/vc_column][/vc_row][vc_row css=".vc_custom_1511421612236{background-color: #56a700 !important;}"][vc_column offset="vc_col-lg-3 vc_col-md-3" css=".vc_custom_1511421619810{padding-top: 30px !important;padding-bottom: 30px !important;}"][vc_single_image image="14964" img_size="full" onclick="custom_link" link="http://demo.roadthemes.com/petmark/" el_class="logo"][/vc_column][vc_column offset="vc_col-lg-6 vc_col-md-6" css=".vc_custom_1511421708682{padding-top: 36px !important;padding-bottom: 36px !important;}"][roadproductssearch][/vc_column][vc_column offset="vc_col-lg-3 vc_col-md-3" css=".vc_custom_1511421743115{padding-top: 37px !important;padding-bottom: 37px !important;}"][roadminicart][/vc_column][/vc_row][vc_row css=".vc_custom_1510652159030{background-color: #ffffff !important;}" el_class="header-menu"][vc_column offset="vc_col-lg-8 vc_col-md-8"][roadmainmenu sticky_logoimage="14964"][/vc_column][vc_column offset="vc_col-lg-4 vc_col-md-4"][vc_column_text css=".vc_custom_1510652905600{margin-bottom: 0px !important;padding-top: 18px !important;padding-bottom: 18px !important;}"]
<div class="text">
<div class="phone">CALL US NOW: <strong><i class="icon ion-ios-telephone">icon</i>+91-012 345 678</strong></div>
</div>
[/vc_column_text][/vc_column][/vc_row]]]>		</content:encoded>
		<excerpt:encoded>
				<![CDATA[]]>		</excerpt:encoded>
		<wp:post_id>14393</wp:post_id>
		<wp:post_date><![CDATA[2017-11-14 02:49:10]]></wp:post_date>
		<wp:post_date_gmt><![CDATA[2017-11-14 02:49:10]]></wp:post_date_gmt>
		<wp:comment_status><![CDATA[closed]]></wp:comment_status>
		<wp:ping_status><![CDATA[closed]]></wp:ping_status>
		<wp:post_name><![CDATA[header-3]]></wp:post_name>
		<wp:status><![CDATA[publish]]></wp:status>
		<wp:post_parent>0</wp:post_parent>
		<wp:menu_order>0</wp:menu_order>
		<wp:post_type><![CDATA[templatera]]></wp:post_type>
		<wp:post_password><![CDATA[]]></wp:post_password>
		<wp:is_sticky>0</wp:is_sticky>
														<wp:postmeta>
		<wp:meta_key><![CDATA[_vc_post_settings]]></wp:meta_key>
		<wp:meta_value><![CDATA[a:1:{s:10:"vc_grid_id";a:0:{}}]]></wp:meta_value>
		</wp:postmeta>
							<wp:postmeta>
		<wp:meta_key><![CDATA[_wpb_shortcodes_custom_css]]></wp:meta_key>
		<wp:meta_value><![CDATA[.vc_custom_1510633554861{border-bottom-width: 1px !important;background-color: #56a700 !important;border-bottom-color: rgba(255,255,255,0.15) !important;border-bottom-style: solid !important;}.vc_custom_1511421612236{background-color: #56a700 !important;}.vc_custom_1510652159030{background-color: #ffffff !important;}.vc_custom_1511421619810{padding-top: 30px !important;padding-bottom: 30px !important;}.vc_custom_1511421708682{padding-top: 36px !important;padding-bottom: 36px !important;}.vc_custom_1511421743115{padding-top: 37px !important;padding-bottom: 37px !important;}.vc_custom_1510652905600{margin-bottom: 0px !important;padding-top: 18px !important;padding-bottom: 18px !important;}]]></wp:meta_value>
		</wp:postmeta>
							<wp:postmeta>
		<wp:meta_key><![CDATA[slide_template]]></wp:meta_key>
		<wp:meta_value><![CDATA[default]]></wp:meta_value>
		</wp:postmeta>
							<wp:postmeta>
		<wp:meta_key><![CDATA[_wpb_vc_js_status]]></wp:meta_key>
		<wp:meta_value><![CDATA[true]]></wp:meta_value>
		</wp:postmeta>
							<wp:postmeta>
		<wp:meta_key><![CDATA[eg_custom_meta_216]]></wp:meta_key>
		<wp:meta_value><![CDATA[true]]></wp:meta_value>
		</wp:postmeta>
							<wp:postmeta>
		<wp:meta_key><![CDATA[eg_vimeo_ratio]]></wp:meta_key>
		<wp:meta_value><![CDATA[1]]></wp:meta_value>
		</wp:postmeta>
							<wp:postmeta>
		<wp:meta_key><![CDATA[eg_youtube_ratio]]></wp:meta_key>
		<wp:meta_value><![CDATA[1]]></wp:meta_value>
		</wp:postmeta>
							<wp:postmeta>
		<wp:meta_key><![CDATA[eg_wistia_ratio]]></wp:meta_key>
		<wp:meta_value><![CDATA[1]]></wp:meta_value>
		</wp:postmeta>
							<wp:postmeta>
		<wp:meta_key><![CDATA[eg_html5_ratio]]></wp:meta_key>
		<wp:meta_value><![CDATA[1]]></wp:meta_value>
		</wp:postmeta>
							<wp:postmeta>
		<wp:meta_key><![CDATA[eg_soundcloud_ratio]]></wp:meta_key>
		<wp:meta_value><![CDATA[1]]></wp:meta_value>
		</wp:postmeta>
							</item>
				
		
</channel>
</rss>
		